{
  "objective_value": 1.5400000000000003,
  "gap": 0.028414,
  "elapsed_sec": 0.1841,
  "is_feasible": true,
  "status": "ok"
}
