{
  "run": {
    "id": "ds-a_dials-equity-adequacy_20251021T232433Z",
    "started_at": "2025-10-21T23:24:33Z"
  },
  "solver": {
    "name": "appsi_highs",
    "status": "ok",
    "termination": "TerminationCondition.optimal",
    "elapsed_sec": 0.1841,
    "objective_value": 1.5400000000000003,
    "gap": 0.028414,
    "best_feasible_objective": 1.5400000000000003,
    "best_objective_bound": 1.5837575757575761,
    "is_feasible": true
  },
  "raw": {
    "solver": "appsi_highs",
    "elapsed_sec": 0.1841,
    "termination": "TerminationCondition.optimal",
    "status": "ok",
    "is_feasible": true,
    "error_message": null,
    "best_feasible_objective": 1.5400000000000003,
    "best_objective_bound": 1.5837575757575761,
    "gap": 0.028414,
    "objective_value": 1.5400000000000003,
    "variables": {
      "x[('beans', 'H3')]": 10.0,
      "x[('beans', 'H1')]": 2.0,
      "x[('beans', 'H2')]": 6.0,
      "x[('apples', 'H3')]": 5.0,
      "x[('apples', 'H1')]": 1.0,
      "x[('apples', 'H2')]": 3.0,
      "x[('milk', 'H3')]": 6.0,
      "x[('milk', 'H1')]": 1.0,
      "x[('milk', 'H2')]": 3.0,
      "x[('rice', 'H3')]": 11.0,
      "x[('rice', 'H1')]": 2.0,
      "x[('rice', 'H2')]": 7.0,
      "u[('calc', 'H3')]": 0.15400000000000008,
      "u[('calc', 'H1')]": 0.15400000000000003,
      "u[('calc', 'H2')]": 0.15400000000000003,
      "u[('cal', 'H3')]": 0.15400000000000003,
      "u[('cal', 'H1')]": 0.15400000000000008,
      "u[('cal', 'H2')]": 0.15400000000000003,
      "u[('prot', 'H3')]": 0.15400000000000003,
      "u[('prot', 'H1')]": 0.15400000000000003,
      "u[('prot', 'H2')]": 0.30799999999999994,
      "y[beans]": 6.0,
      "y[apples]": 1.0,
      "y[milk]": 0.0,
      "y[rice]": 0.0,
      "y_active[beans]": 1.0,
      "y_active[apples]": 1.0,
      "y_active[milk]": 0.0,
      "y_active[rice]": 0.0,
      "dpos[('beans', 'H3')]": 0.0,
      "dpos[('beans', 'H1')]": 0.0,
      "dpos[('beans', 'H2')]": 0.0,
      "dpos[('apples', 'H3')]": 0.0,
      "dpos[('apples', 'H1')]": 0.0,
      "dpos[('apples', 'H2')]": 0.0,
      "dpos[('milk', 'H3')]": 0.44444444444444464,
      "dpos[('milk', 'H1')]": 0.0,
      "dpos[('milk', 'H2')]": 0.0,
      "dpos[('rice', 'H3')]": 0.0,
      "dpos[('rice', 'H1')]": 0.0,
      "dpos[('rice', 'H2')]": 0.3333333333333339,
      "dneg[('beans', 'H3')]": 4.440892098500626e-16,
      "dneg[('beans', 'H1')]": -1.1102230246251565e-16,
      "dneg[('beans', 'H2')]": 0.0,
      "dneg[('apples', 'H3')]": 2.220446049250313e-16,
      "dneg[('apples', 'H1')]": -5.551115123125783e-17,
      "dneg[('apples', 'H2')]": -1.6653345369377348e-16,
      "dneg[('milk', 'H3')]": 0.0,
      "dneg[('milk', 'H1')]": 0.11111111111111116,
      "dneg[('milk', 'H2')]": 0.33333333333333304,
      "dneg[('rice', 'H3')]": 0.11111111111111072,
      "dneg[('rice', 'H1')]": 0.22222222222222232,
      "dneg[('rice', 'H2')]": 0.0,
      "epsilon[None]": 0.0
    }
  }
}