{
  "objective_value": 6.440693049289892,
  "gap": 0.009009,
  "elapsed_sec": 0.126,
  "is_feasible": true,
  "status": "ok"
}
