{
  "objective_value": 6.48229022556391,
  "gap": 0.026933,
  "elapsed_sec": 0.1279,
  "is_feasible": true,
  "status": "ok"
}
