{
  "objective_value": 6.507000000000001,
  "gap": 0.004262,
  "elapsed_sec": 0.1448,
  "is_feasible": true,
  "status": "ok"
}
