{
  "objective_value": 6.740140555935293,
  "gap": 0.003358,
  "elapsed_sec": 0.1356,
  "is_feasible": true,
  "status": "ok"
}
