{
  "objective_value": 6.440693049289892,
  "gap": 0.009329,
  "elapsed_sec": 0.1257,
  "is_feasible": true,
  "status": "ok"
}
