{
  "objective_value": 3.6224999999999996,
  "gap": 0.020781,
  "elapsed_sec": 0.1267,
  "is_feasible": true,
  "status": "ok"
}
