{
  "objective_value": 6.712928195488722,
  "gap": 0.000858,
  "elapsed_sec": 0.1616,
  "is_feasible": true,
  "status": "ok"
}
