{
  "objective_value": 6.311888721804511,
  "gap": 0.000997,
  "elapsed_sec": 0.2027,
  "is_feasible": true,
  "status": "ok"
}
