{
  "objective_value": 6.440693049289892,
  "gap": 0.006972,
  "elapsed_sec": 0.1299,
  "is_feasible": true,
  "status": "ok"
}
