{
  "run": {
    "id": "ds-a_dials-fairness_20251020T211419Z",
    "started_at": "2025-10-20T21:14:20Z"
  },
  "solver": {
    "name": "appsi_highs",
    "status": "ok",
    "termination": "TerminationCondition.optimal",
    "elapsed_sec": 0.1159,
    "objective_value": 3.6350000000000007,
    "gap": 0.01727,
    "best_feasible_objective": 3.6350000000000007,
    "best_objective_bound": 3.697777777777776,
    "is_feasible": true
  },
  "raw": {
    "solver": "appsi_highs",
    "elapsed_sec": 0.1159,
    "termination": "TerminationCondition.optimal",
    "status": "ok",
    "is_feasible": true,
    "error_message": null,
    "best_feasible_objective": 3.6350000000000007,
    "best_objective_bound": 3.697777777777776,
    "gap": 0.01727,
    "objective_value": 3.6350000000000007,
    "variables": {
      "x[('beans', 'H3')]": 7.0,
      "x[('beans', 'H1')]": 1.0,
      "x[('beans', 'H2')]": 4.0,
      "x[('rice', 'H3')]": 11.0,
      "x[('rice', 'H1')]": 2.0,
      "x[('rice', 'H2')]": 7.0,
      "x[('milk', 'H3')]": 11.0,
      "x[('milk', 'H1')]": 3.0,
      "x[('milk', 'H2')]": 7.0,
      "x[('apples', 'H3')]": 4.0,
      "x[('apples', 'H1')]": 1.0,
      "x[('apples', 'H2')]": 2.0,
      "u[('cal', 'H3')]": 0.36350000000000027,
      "u[('cal', 'H1')]": 0.36349999999999993,
      "u[('cal', 'H2')]": 0.36350000000000005,
      "u[('prot', 'H3')]": 0.36349999999999993,
      "u[('prot', 'H1')]": 0.36350000000000005,
      "u[('prot', 'H2')]": 0.7269999999999999,
      "u[('calc', 'H3')]": 0.36350000000000005,
      "u[('calc', 'H1')]": 0.3635000000000002,
      "u[('calc', 'H2')]": 0.3635000000000002,
      "y[beans]": 0.0,
      "y[rice]": 0.0,
      "y[milk]": 11.0,
      "y[apples]": 0.0,
      "y_active[beans]": 0.0,
      "y_active[rice]": 0.0,
      "y_active[milk]": 1.0,
      "y_active[apples]": 0.0,
      "dpos[('beans', 'H3')]": 0.33333333333333304,
      "dpos[('beans', 'H1')]": 0.0,
      "dpos[('beans', 'H2')]": 0.0,
      "dpos[('rice', 'H3')]": 0.0,
      "dpos[('rice', 'H1')]": 0.0,
      "dpos[('rice', 'H2')]": 0.3333333333333339,
      "dpos[('milk', 'H3')]": 0.0,
      "dpos[('milk', 'H1')]": 0.6666666666666667,
      "dpos[('milk', 'H2')]": 0.0,
      "dpos[('apples', 'H3')]": 0.0,
      "dpos[('apples', 'H1')]": 0.11111111111111116,
      "dpos[('apples', 'H2')]": 0.0,
      "dneg[('beans', 'H3')]": 0.0,
      "dneg[('beans', 'H1')]": 0.33333333333333326,
      "dneg[('beans', 'H2')]": -0.0,
      "dneg[('rice', 'H3')]": 0.11111111111111072,
      "dneg[('rice', 'H1')]": 0.22222222222222232,
      "dneg[('rice', 'H2')]": 0.0,
      "dneg[('milk', 'H3')]": 0.666666666666667,
      "dneg[('milk', 'H1')]": 0.0,
      "dneg[('milk', 'H2')]": -0.0,
      "dneg[('apples', 'H3')]": 0.44444444444444464,
      "dneg[('apples', 'H1')]": -0.0,
      "dneg[('apples', 'H2')]": 0.6666666666666665,
      "epsilon[None]": null
    }
  }
}