{
  "objective_value": 6.327255692007798,
  "gap": 0.027576,
  "elapsed_sec": 0.1267,
  "is_feasible": true,
  "status": "ok"
}
