{
  "run": {
    "id": "ds-a_dials-hard-fairness_20251021T115617Z",
    "started_at": "2025-10-21T11:56:17Z"
  },
  "solver": {
    "name": "appsi_highs",
    "status": "ok",
    "termination": "TerminationCondition.optimal",
    "elapsed_sec": 0.1267,
    "objective_value": 6.327255692007798,
    "gap": 0.027576,
    "best_feasible_objective": 6.327255692007798,
    "best_objective_bound": 6.501736950166806,
    "is_feasible": true
  },
  "raw": {
    "solver": "appsi_highs",
    "elapsed_sec": 0.1267,
    "termination": "TerminationCondition.optimal",
    "status": "ok",
    "is_feasible": true,
    "error_message": null,
    "best_feasible_objective": 6.327255692007798,
    "best_objective_bound": 6.501736950166806,
    "gap": 0.027576,
    "objective_value": 6.327255692007798,
    "variables": {
      "x[('rice', 'H3')]": 9.0,
      "x[('rice', 'H2')]": 8.0,
      "x[('rice', 'H1')]": 2.0,
      "x[('beans', 'H3')]": 6.0,
      "x[('beans', 'H2')]": 4.0,
      "x[('beans', 'H1')]": 2.0,
      "x[('apples', 'H3')]": 4.0,
      "x[('apples', 'H2')]": 3.0,
      "x[('apples', 'H1')]": 1.0,
      "x[('milk', 'H3')]": 10.0,
      "x[('milk', 'H2')]": 8.0,
      "x[('milk', 'H1')]": 3.0,
      "u[('cal', 'H3')]": 0.6387368421052632,
      "u[('cal', 'H2')]": 0.8113333333333335,
      "u[('cal', 'H1')]": 0.7733333333333333,
      "u[('calc', 'H3')]": 0.32925000000000004,
      "u[('calc', 'H2')]": 0.4184,
      "u[('calc', 'H1')]": 0.394,
      "u[('prot', 'H3')]": 1.0,
      "u[('prot', 'H2')]": 1.0,
      "u[('prot', 'H1')]": 1.0,
      "y[rice]": 0.0,
      "y[beans]": 0.0,
      "y[apples]": 0.0,
      "y[milk]": 11.000000000000009,
      "y_active[rice]": 0.0,
      "y_active[beans]": 0.0,
      "y_active[apples]": 0.0,
      "y_active[milk]": 1.0,
      "dpos[('rice', 'H3')]": 0.0,
      "dpos[('rice', 'H2')]": 1.333333333333334,
      "dpos[('rice', 'H1')]": 0.0,
      "dpos[('beans', 'H3')]": 0.0,
      "dpos[('beans', 'H2')]": 0.0,
      "dpos[('beans', 'H1')]": 0.6666666666666667,
      "dpos[('apples', 'H3')]": 0.0,
      "dpos[('apples', 'H2')]": 0.3333333333333335,
      "dpos[('apples', 'H1')]": 0.11111111111111116,
      "dpos[('milk', 'H3')]": 0.0,
      "dpos[('milk', 'H2')]": 0.9999999999999973,
      "dpos[('milk', 'H1')]": 0.6666666666666656,
      "dneg[('rice', 'H3')]": 2.1111111111111107,
      "dneg[('rice', 'H2')]": 0.0,
      "dneg[('rice', 'H1')]": 0.22222222222222232,
      "dneg[('beans', 'H3')]": 0.666666666666667,
      "dneg[('beans', 'H2')]": -0.0,
      "dneg[('beans', 'H1')]": 0.0,
      "dneg[('apples', 'H3')]": 0.44444444444444464,
      "dneg[('apples', 'H2')]": 0.0,
      "dneg[('apples', 'H1')]": 0.0,
      "dneg[('milk', 'H3')]": 1.6666666666666714,
      "dneg[('milk', 'H2')]": 0.0,
      "dneg[('milk', 'H1')]": 0.0,
      "epsilon[None]": 0.3779781676413255
    }
  }
}