{
  "objective_value": 6.5061041353383455,
  "gap": 0.022044,
  "elapsed_sec": 0.1173,
  "is_feasible": true,
  "status": "ok"
}
