{
  "objective_value": 6.412500000000001,
  "gap": 0.028716,
  "elapsed_sec": 0.1362,
  "is_feasible": true,
  "status": "ok"
}
