{
  "run": {
    "id": "20251020T091846Z_demo",
    "started_at": "2025-10-20T09:18:46Z"
  },
  "solver": {
    "name": "appsi_highs",
    "status": "TerminationCondition.optimal",
    "termination": "TerminationCondition.optimal",
    "elapsed_sec": 0.407,
    "objective_value": 3.2120000000000015,
    "gap": 0.0
  },
  "raw": {
    "solver": "appsi_highs",
    "elapsed_sec": 0.407,
    "termination": "TerminationCondition.optimal",
    "status": "TerminationCondition.optimal",
    "best_feasible_objective": 3.2120000000000015,
    "best_objective_bound": 3.2120000000000015,
    "gap": 0.0,
    "objective_value": 3.2120000000000015,
    "variables": {
      "x[('apples', 'H3')]": 5.0,
      "x[('apples', 'H1')]": 1.0,
      "x[('apples', 'H2')]": 3.0,
      "x[('rice', 'H3')]": 11.0,
      "x[('rice', 'H1')]": 2.0,
      "x[('rice', 'H2')]": 7.0,
      "x[('beans', 'H3')]": 7.0,
      "x[('beans', 'H1')]": 1.0,
      "x[('beans', 'H2')]": 4.0,
      "x[('milk', 'H3')]": 10.0,
      "x[('milk', 'H1')]": 3.0,
      "x[('milk', 'H2')]": 6.0,
      "u[('cal', 'H3')]": 0.5806000000000007,
      "u[('cal', 'H1')]": 0.3212000000000002,
      "u[('cal', 'H2')]": 0.3212000000000002,
      "u[('calc', 'H3')]": 0.3212000000000004,
      "u[('calc', 'H1')]": 0.38299999999999945,
      "u[('calc', 'H2')]": 0.3212000000000006,
      "u[('prot', 'H3')]": 0.3212000000000002,
      "u[('prot', 'H1')]": 0.3212000000000002,
      "u[('prot', 'H2')]": 0.3211999999999997,
      "y[apples]": 0.9999999999999987,
      "y[rice]": 0.0,
      "y[beans]": -0.0,
      "y[milk]": 9.000000000000009,
      "dpos[('apples', 'H3')]": -0.0,
      "dpos[('apples', 'H1')]": 0.0,
      "dpos[('apples', 'H2')]": 0.0,
      "dpos[('rice', 'H3')]": 0.0,
      "dpos[('rice', 'H1')]": 0.0,
      "dpos[('rice', 'H2')]": 0.33333333999999937,
      "dpos[('beans', 'H3')]": 0.33333332799999305,
      "dpos[('beans', 'H1')]": 0.0,
      "dpos[('beans', 'H2')]": 4.000009212745681e-09,
      "dpos[('milk', 'H3')]": 0.0,
      "dpos[('milk', 'H1')]": 0.8888888910000002,
      "dpos[('milk', 'H2')]": -0.0,
      "dneg[('apples', 'H3')]": 3.9999987766492495e-09,
      "dneg[('apples', 'H1')]": -1.0000001660070978e-09,
      "dneg[('apples', 'H2')]": -3.0000003592434155e-09,
      "dneg[('rice', 'H3')]": 0.11111111999999856,
      "dneg[('rice', 'H1')]": 0.22222221999999991,
      "dneg[('rice', 'H2')]": 0.0,
      "dneg[('beans', 'H3')]": 0.0,
      "dneg[('beans', 'H1')]": 0.33333333200000004,
      "dneg[('beans', 'H2')]": 0.0,
      "dneg[('milk', 'H3')]": 0.555555564000004,
      "dneg[('milk', 'H1')]": 0.0,
      "dneg[('milk', 'H2')]": 0.3333333270000032,
      "epsilon[None]": null
    }
  }
}