{
  "objective_value": 6.338170959975697,
  "gap": 0.025322,
  "elapsed_sec": 0.1206,
  "is_feasible": true,
  "status": "ok"
}
