{
  "run": {
    "id": "ds-a_dials-hard-fairness_20251020T211421Z",
    "started_at": "2025-10-20T21:14:21Z"
  },
  "solver": {
    "name": "appsi_highs",
    "status": "ok",
    "termination": "TerminationCondition.optimal",
    "elapsed_sec": 0.1206,
    "objective_value": 6.338170959975697,
    "gap": 0.025322,
    "best_feasible_objective": 6.338170959975697,
    "best_objective_bound": 6.498668099910654,
    "is_feasible": true
  },
  "raw": {
    "solver": "appsi_highs",
    "elapsed_sec": 0.1206,
    "termination": "TerminationCondition.optimal",
    "status": "ok",
    "is_feasible": true,
    "error_message": null,
    "best_feasible_objective": 6.338170959975697,
    "best_objective_bound": 6.498668099910654,
    "gap": 0.025322,
    "objective_value": 6.338170959975697,
    "variables": {
      "x[('milk', 'H3')]": 9.0,
      "x[('milk', 'H1')]": 3.0,
      "x[('milk', 'H2')]": 7.0,
      "x[('rice', 'H3')]": 10.0,
      "x[('rice', 'H1')]": 3.0,
      "x[('rice', 'H2')]": 8.0,
      "x[('beans', 'H3')]": 5.0,
      "x[('beans', 'H1')]": 2.0,
      "x[('beans', 'H2')]": 4.0,
      "x[('apples', 'H3')]": 4.0,
      "x[('apples', 'H1')]": 1.0,
      "x[('apples', 'H2')]": 3.0,
      "u[('prot', 'H3')]": 0.9340909090909091,
      "u[('prot', 'H1')]": 1.0,
      "u[('prot', 'H2')]": 1.0,
      "u[('cal', 'H3')]": 0.635157894736842,
      "u[('cal', 'H1')]": 0.9447619047619047,
      "u[('cal', 'H2')]": 0.8006666666666667,
      "u[('calc', 'H3')]": 0.29725,
      "u[('calc', 'H1')]": 0.3970000000000001,
      "u[('calc', 'H2')]": 0.3704,
      "y[milk]": 9.0,
      "y[rice]": 1.0,
      "y[beans]": 0.0,
      "y[apples]": 0.0,
      "y_active[milk]": 1.0,
      "y_active[rice]": 1.0,
      "y_active[beans]": 0.0,
      "y_active[apples]": 0.0,
      "dpos[('milk', 'H3')]": 0.0,
      "dpos[('milk', 'H1')]": 0.8888888888888888,
      "dpos[('milk', 'H2')]": 0.6666666666666672,
      "dpos[('rice', 'H3')]": 0.0,
      "dpos[('rice', 'H1')]": 0.6666666666666665,
      "dpos[('rice', 'H2')]": 1.0000000000000009,
      "dpos[('beans', 'H3')]": 0.0,
      "dpos[('beans', 'H1')]": 0.6666666666666667,
      "dpos[('beans', 'H2')]": 0.0,
      "dpos[('apples', 'H3')]": 0.0,
      "dpos[('apples', 'H1')]": 0.11111111111111116,
      "dpos[('apples', 'H2')]": 0.3333333333333335,
      "dneg[('milk', 'H3')]": 1.5555555555555554,
      "dneg[('milk', 'H1')]": 0.0,
      "dneg[('milk', 'H2')]": -0.0,
      "dneg[('rice', 'H3')]": 1.666666666666666,
      "dneg[('rice', 'H1')]": 0.0,
      "dneg[('rice', 'H2')]": -0.0,
      "dneg[('beans', 'H3')]": 1.666666666666667,
      "dneg[('beans', 'H1')]": -0.0,
      "dneg[('beans', 'H2')]": -0.0,
      "dneg[('apples', 'H3')]": 0.44444444444444464,
      "dneg[('apples', 'H1')]": 0.0,
      "dneg[('apples', 'H2')]": 0.0,
      "epsilon[None]": 0.4115641528062581
    }
  }
}