{
  "objective_value": 6.39233294827979,
  "gap": 0.016478,
  "elapsed_sec": 0.139,
  "is_feasible": true,
  "status": "ok"
}
