{
  "run": {
    "id": "ds-a_dials-hard-fairness_20251020T204426Z",
    "started_at": "2025-10-20T20:44:26Z"
  },
  "solver": {
    "name": "appsi_highs",
    "status": "ok",
    "termination": "TerminationCondition.optimal",
    "elapsed_sec": 0.139,
    "objective_value": 6.39233294827979,
    "gap": 0.016478,
    "best_feasible_objective": 6.39233294827979,
    "best_objective_bound": 6.497667956975772,
    "is_feasible": true
  },
  "raw": {
    "solver": "appsi_highs",
    "elapsed_sec": 0.139,
    "termination": "TerminationCondition.optimal",
    "status": "ok",
    "is_feasible": true,
    "error_message": null,
    "best_feasible_objective": 6.39233294827979,
    "best_objective_bound": 6.497667956975772,
    "gap": 0.016478,
    "objective_value": 6.39233294827979,
    "variables": {
      "x[('milk', 'H3')]": 10.0,
      "x[('milk', 'H1')]": 3.0,
      "x[('milk', 'H2')]": 7.0,
      "x[('apples', 'H3')]": 4.0,
      "x[('apples', 'H1')]": 1.0,
      "x[('apples', 'H2')]": 3.0,
      "x[('rice', 'H3')]": 10.0,
      "x[('rice', 'H1')]": 3.0,
      "x[('rice', 'H2')]": 8.0,
      "x[('beans', 'H3')]": 5.0,
      "x[('beans', 'H1')]": 2.0,
      "x[('beans', 'H2')]": 4.0,
      "u[('prot', 'H3')]": 0.949090909090909,
      "u[('prot', 'H1')]": 1.0,
      "u[('prot', 'H2')]": 1.0,
      "u[('cal', 'H3')]": 0.6418947368421053,
      "u[('cal', 'H1')]": 0.9447619047619047,
      "u[('cal', 'H2')]": 0.8006666666666666,
      "u[('calc', 'H3')]": 0.32725000000000004,
      "u[('calc', 'H1')]": 0.3970000000000001,
      "u[('calc', 'H2')]": 0.3704,
      "y[milk]": 10.0,
      "y[apples]": 0.0,
      "y[rice]": 1.0000000000000835,
      "y[beans]": 0.0,
      "y_active[milk]": 1.0,
      "y_active[apples]": 0.0,
      "y_active[rice]": 1.0,
      "y_active[beans]": 0.0,
      "dpos[('milk', 'H3')]": 0.0,
      "dpos[('milk', 'H1')]": 0.7777777777777777,
      "dpos[('milk', 'H2')]": 0.3333333333333339,
      "dpos[('apples', 'H3')]": 0.0,
      "dpos[('apples', 'H1')]": 0.11111111111111116,
      "dpos[('apples', 'H2')]": 0.3333333333333335,
      "dpos[('rice', 'H3')]": 0.0,
      "dpos[('rice', 'H1')]": 0.6666666666666572,
      "dpos[('rice', 'H2')]": 0.9999999999999729,
      "dpos[('beans', 'H3')]": 0.0,
      "dpos[('beans', 'H1')]": 0.6666666666666667,
      "dpos[('beans', 'H2')]": 0.0,
      "dneg[('milk', 'H3')]": 1.1111111111111107,
      "dneg[('milk', 'H1')]": 0.0,
      "dneg[('milk', 'H2')]": -0.0,
      "dneg[('apples', 'H3')]": 0.44444444444444464,
      "dneg[('apples', 'H1')]": 0.0,
      "dneg[('apples', 'H2')]": 0.0,
      "dneg[('rice', 'H3')]": 1.6666666666667123,
      "dneg[('rice', 'H1')]": 0.0,
      "dneg[('rice', 'H2')]": -0.0,
      "dneg[('beans', 'H3')]": 1.666666666666667,
      "dneg[('beans', 'H1')]": -0.0,
      "dneg[('beans', 'H2')]": -0.0,
      "epsilon[None]": 0.38731269081795383
    }
  }
}