{
  "run": {
    "id": "20251020T104701Z_demo",
    "started_at": "2025-10-20T10:47:01Z"
  },
  "solver": {
    "name": "appsi_highs",
    "status": "TerminationCondition.optimal",
    "termination": "TerminationCondition.optimal",
    "elapsed_sec": 0.1896,
    "objective_value": 3.2120000000000006,
    "gap": 0.0
  },
  "raw": {
    "solver": "appsi_highs",
    "elapsed_sec": 0.1896,
    "termination": "TerminationCondition.optimal",
    "status": "TerminationCondition.optimal",
    "best_feasible_objective": 3.2120000000000006,
    "best_objective_bound": 3.2120000000000006,
    "gap": 0.0,
    "objective_value": 3.2120000000000006,
    "variables": {
      "x[('beans', 'H3')]": 7.0,
      "x[('beans', 'H2')]": 4.0,
      "x[('beans', 'H1')]": 1.0,
      "x[('rice', 'H3')]": 11.0,
      "x[('rice', 'H2')]": 7.0,
      "x[('rice', 'H1')]": 2.0,
      "x[('apples', 'H3')]": 5.0,
      "x[('apples', 'H2')]": 3.0,
      "x[('apples', 'H1')]": 1.0,
      "x[('milk', 'H3')]": 10.0,
      "x[('milk', 'H2')]": 6.0,
      "x[('milk', 'H1')]": 3.0,
      "u[('calc', 'H3')]": 0.32120000000000004,
      "u[('calc', 'H2')]": 0.32120000000000004,
      "u[('calc', 'H1')]": 0.3212000000000001,
      "u[('cal', 'H3')]": 0.32120000000000004,
      "u[('cal', 'H2')]": 0.32120000000000004,
      "u[('cal', 'H1')]": 0.3212000000000001,
      "u[('prot', 'H3')]": 0.6424,
      "u[('prot', 'H2')]": 0.32120000000000004,
      "u[('prot', 'H1')]": 0.3212000000000002,
      "y[beans]": 0.5999999899200004,
      "y[rice]": 0.0,
      "y[apples]": 1.0000000000000002,
      "y[milk]": 9.0,
      "dpos[('beans', 'H3')]": 0.0,
      "dpos[('beans', 'H2')]": 0.0,
      "dpos[('beans', 'H1')]": 0.0,
      "dpos[('rice', 'H3')]": 0.0,
      "dpos[('rice', 'H2')]": 1.0000000000000004,
      "dpos[('rice', 'H1')]": 0.0,
      "dpos[('apples', 'H3')]": 0.0,
      "dpos[('apples', 'H2')]": 0.0,
      "dpos[('apples', 'H1')]": 0.0,
      "dpos[('milk', 'H3')]": 0.0,
      "dpos[('milk', 'H2')]": 0.0,
      "dpos[('milk', 'H1')]": 0.888888891,
      "dneg[('beans', 'H3')]": 0.0,
      "dneg[('beans', 'H2')]": 0.19999999244000025,
      "dneg[('beans', 'H1')]": 0.3999999974800001,
      "dneg[('rice', 'H3')]": 0.11111111999999856,
      "dneg[('rice', 'H2')]": 0.6666666600000011,
      "dneg[('rice', 'H1')]": 0.22222221999999991,
      "dneg[('apples', 'H3')]": 3.999999664827669e-09,
      "dneg[('apples', 'H2')]": -2.9999998596430544e-09,
      "dneg[('apples', 'H1')]": -9.999999855958563e-10,
      "dneg[('milk', 'H3')]": 0.5555555639999987,
      "dneg[('milk', 'H2')]": 0.3333333270000005,
      "dneg[('milk', 'H1')]": 0.0,
      "epsilon[None]": null
    }
  }
}