{
  "objective_value": 6.636645522898155,
  "gap": 0.002585,
  "elapsed_sec": 0.1281,
  "is_feasible": true,
  "status": "ok"
}
