{
  "run": {
    "id": "ds-a_dials-efficiency_20251020T204424Z",
    "started_at": "2025-10-20T20:44:24Z"
  },
  "solver": {
    "name": "appsi_highs",
    "status": "ok",
    "termination": "TerminationCondition.optimal",
    "elapsed_sec": 0.1281,
    "objective_value": 6.636645522898155,
    "gap": 0.002585,
    "best_feasible_objective": 6.636645522898155,
    "best_objective_bound": 6.653799634462207,
    "is_feasible": true
  },
  "raw": {
    "solver": "appsi_highs",
    "elapsed_sec": 0.1281,
    "termination": "TerminationCondition.optimal",
    "status": "ok",
    "is_feasible": true,
    "error_message": null,
    "best_feasible_objective": 6.636645522898155,
    "best_objective_bound": 6.653799634462207,
    "gap": 0.002585,
    "objective_value": 6.636645522898155,
    "variables": {
      "x[('apples', 'H2')]": 4.0,
      "x[('apples', 'H1')]": 3.0,
      "x[('apples', 'H3')]": 1.0,
      "x[('milk', 'H2')]": 9.0,
      "x[('milk', 'H1')]": 3.0,
      "x[('milk', 'H3')]": 2.0,
      "x[('rice', 'H2')]": 9.0,
      "x[('rice', 'H1')]": 3.0,
      "x[('rice', 'H3')]": 12.0,
      "x[('beans', 'H2')]": 6.0,
      "x[('beans', 'H1')]": 2.0,
      "x[('beans', 'H3')]": 6.0,
      "u[('cal', 'H2')]": 1.0,
      "u[('cal', 'H1')]": 0.9942857142857142,
      "u[('cal', 'H3')]": 0.6821052631578948,
      "u[('prot', 'H2')]": 1.0,
      "u[('prot', 'H1')]": 1.0,
      "u[('prot', 'H3')]": 0.9854545454545454,
      "u[('calc', 'H2')]": 0.47879999999999995,
      "u[('calc', 'H1')]": 0.4090000000000001,
      "u[('calc', 'H3')]": 0.08700000000000001,
      "y[apples]": 0.0,
      "y[milk]": 4.0,
      "y[rice]": 4.0,
      "y[beans]": 2.0,
      "y_active[apples]": 0.0,
      "y_active[milk]": 1.0,
      "y_active[rice]": 1.0,
      "y_active[beans]": 1.0,
      "dpos[('apples', 'H2')]": 1.3333333333333335,
      "dpos[('apples', 'H1')]": 2.111111111111111,
      "dpos[('apples', 'H3')]": 0.0,
      "dpos[('milk', 'H2')]": 4.333333333333334,
      "dpos[('milk', 'H1')]": 1.4444444444444444,
      "dpos[('milk', 'H3')]": 0.0,
      "dpos[('rice', 'H2')]": 1.0000000000000009,
      "dpos[('rice', 'H1')]": 0.3333333333333333,
      "dpos[('rice', 'H3')]": 0.0,
      "dpos[('beans', 'H2')]": 1.3333333333333335,
      "dpos[('beans', 'H1')]": 0.44444444444444453,
      "dpos[('beans', 'H3')]": 0.0,
      "dneg[('apples', 'H2')]": -0.0,
      "dneg[('apples', 'H1')]": 0.0,
      "dneg[('apples', 'H3')]": 3.4444444444444446,
      "dneg[('milk', 'H2')]": -0.0,
      "dneg[('milk', 'H1')]": -0.0,
      "dneg[('milk', 'H3')]": 5.777777777777778,
      "dneg[('rice', 'H2')]": -0.0,
      "dneg[('rice', 'H1')]": -0.0,
      "dneg[('rice', 'H3')]": 1.3333333333333321,
      "dneg[('beans', 'H2')]": -0.0,
      "dneg[('beans', 'H1')]": -0.0,
      "dneg[('beans', 'H3')]": 1.7777777777777777,
      "epsilon[None]": null
    }
  }
}