{
  "objective_value": 3.6350000000000002,
  "gap": 0.01727,
  "elapsed_sec": 0.1788,
  "is_feasible": true,
  "status": "ok"
}
