{
  "objective_value": 3.612000000000001,
  "gap": 0.023748,
  "elapsed_sec": 0.1148,
  "is_feasible": true,
  "status": "ok"
}
