{
  "objective_value": 6.679673889268626,
  "gap": 0.008304,
  "elapsed_sec": 0.1742,
  "is_feasible": true,
  "status": "ok"
}
