household_id,size,gamma_h
H1,1,0.111111
H2,3,0.333333
H3,5,0.555556
