{
  "objective_value": 6.594431704260652,
  "gap": 0.007066,
  "elapsed_sec": 0.1228,
  "is_feasible": true,
  "status": "ok"
}
