{
  "objective_value": 6.523200000000001,
  "gap": 0.001905,
  "elapsed_sec": 0.2368,
  "is_feasible": true,
  "status": "ok"
}
