{
  "run": {
    "id": "ds-a_dials-balanced_20251020T204422Z",
    "started_at": "2025-10-20T20:44:23Z"
  },
  "solver": {
    "name": "appsi_highs",
    "status": "ok",
    "termination": "TerminationCondition.optimal",
    "elapsed_sec": 0.2368,
    "objective_value": 6.523200000000001,
    "gap": 0.001905,
    "best_feasible_objective": 6.523200000000001,
    "best_objective_bound": 6.535626679887129,
    "is_feasible": true
  },
  "raw": {
    "solver": "appsi_highs",
    "elapsed_sec": 0.2368,
    "termination": "TerminationCondition.optimal",
    "status": "ok",
    "is_feasible": true,
    "error_message": null,
    "best_feasible_objective": 6.523200000000001,
    "best_objective_bound": 6.535626679887129,
    "gap": 0.001905,
    "objective_value": 6.523200000000001,
    "variables": {
      "x[('milk', 'H3')]": 11.0,
      "x[('milk', 'H2')]": 7.0,
      "x[('milk', 'H1')]": 3.000000000000001,
      "x[('beans', 'H3')]": 7.0,
      "x[('beans', 'H2')]": 3.0,
      "x[('beans', 'H1')]": 2.0,
      "x[('apples', 'H3')]": 5.0,
      "x[('apples', 'H2')]": 1.0,
      "x[('apples', 'H1')]": 2.0,
      "x[('rice', 'H3')]": 8.0,
      "x[('rice', 'H2')]": 9.0,
      "x[('rice', 'H1')]": 3.0,
      "u[('calc', 'H3')]": 0.36240000000000006,
      "u[('calc', 'H2')]": 0.3624,
      "u[('calc', 'H1')]": 0.40300000000000014,
      "u[('prot', 'H3')]": 1.0,
      "u[('prot', 'H2')]": 1.0,
      "u[('prot', 'H1')]": 1.0,
      "u[('cal', 'H3')]": 0.6477894736842106,
      "u[('cal', 'H2')]": 0.7780867167919804,
      "u[('cal', 'H1')]": 0.9695238095238097,
      "y[milk]": 11.000000000000002,
      "y[beans]": 0.0,
      "y[apples]": 0.0,
      "y[rice]": 0.0,
      "y_active[milk]": 1.0,
      "y_active[beans]": 1.0,
      "y_active[apples]": 0.0,
      "y_active[rice]": 0.0,
      "dpos[('milk', 'H3')]": -9.992007221626409e-16,
      "dpos[('milk', 'H2')]": 0.0,
      "dpos[('milk', 'H1')]": 0.6666666666666672,
      "dpos[('beans', 'H3')]": 0.33333333333333304,
      "dpos[('beans', 'H2')]": 0.0,
      "dpos[('beans', 'H1')]": 0.6666666666666667,
      "dpos[('apples', 'H3')]": 0.5555555555555554,
      "dpos[('apples', 'H2')]": 0.0,
      "dpos[('apples', 'H1')]": 1.1111111111111112,
      "dpos[('rice', 'H3')]": 0.0,
      "dpos[('rice', 'H2')]": 2.333333333333334,
      "dpos[('rice', 'H1')]": 0.7777777777777777,
      "dneg[('milk', 'H3')]": 0.6666666666666669,
      "dneg[('milk', 'H2')]": 0.0,
      "dneg[('milk', 'H1')]": 0.0,
      "dneg[('beans', 'H3')]": 0.0,
      "dneg[('beans', 'H2')]": 1.0,
      "dneg[('beans', 'H1')]": 0.0,
      "dneg[('apples', 'H3')]": 0.0,
      "dneg[('apples', 'H2')]": 1.6666666666666665,
      "dneg[('apples', 'H1')]": 0.0,
      "dneg[('rice', 'H3')]": 3.1111111111111107,
      "dneg[('rice', 'H2')]": 0.0,
      "dneg[('rice', 'H1')]": 0.0,
      "epsilon[None]": null
    }
  }
}