{
  "objective_value": 6.426000000000001,
  "gap": 0.024009,
  "elapsed_sec": 0.1271,
  "is_feasible": true,
  "status": "ok"
}
