{
  "objective_value": 6.600400843016632,
  "gap": 0.008328,
  "elapsed_sec": 0.1279,
  "is_feasible": true,
  "status": "ok"
}
