{
  "objective_value": 6.311888721804512,
  "gap": 0.006593,
  "elapsed_sec": 0.2364,
  "is_feasible": true,
  "status": "ok"
}
