{
  "objective_value": 5.953117794486215,
  "gap": 0.02305,
  "elapsed_sec": 0.2019,
  "is_feasible": true,
  "status": "ok"
}
