{
  "objective_value": 6.469062087035772,
  "gap": 0.026583,
  "elapsed_sec": 0.1216,
  "is_feasible": true,
  "status": "ok"
}
