{
  "objective_value": 6.111652380952381,
  "gap": 0.048642,
  "elapsed_sec": 0.1433,
  "is_feasible": true,
  "status": "ok"
}
