{
  "objective_value": 6.566182604237867,
  "gap": 0.013333,
  "elapsed_sec": 0.1098,
  "is_feasible": true,
  "status": "ok"
}
