{
  "objective_value": 3.6350000000000002,
  "gap": 0.012716,
  "elapsed_sec": 0.1258,
  "is_feasible": true,
  "status": "ok"
}
