{
  "objective_value": 5.953117794486216,
  "gap": 0.042598,
  "elapsed_sec": 0.1373,
  "is_feasible": true,
  "status": "ok"
}
