{
  "objective_value": 3.659999999999999,
  "gap": 0.00042,
  "elapsed_sec": 0.1852,
  "is_feasible": true,
  "status": "ok"
}
