{
  "run": {
    "id": "ds-a_dials-adequacy_20251022T000202Z",
    "started_at": "2025-10-22T00:02:02Z"
  },
  "solver": {
    "name": "appsi_highs",
    "status": "ok",
    "termination": "TerminationCondition.optimal",
    "elapsed_sec": 0.1852,
    "objective_value": 3.659999999999999,
    "gap": 0.00042,
    "best_feasible_objective": 3.659999999999999,
    "best_objective_bound": 3.661538461538459,
    "is_feasible": true
  },
  "raw": {
    "solver": "appsi_highs",
    "elapsed_sec": 0.1852,
    "termination": "TerminationCondition.optimal",
    "status": "ok",
    "is_feasible": true,
    "error_message": null,
    "best_feasible_objective": 3.659999999999999,
    "best_objective_bound": 3.661538461538459,
    "gap": 0.00042,
    "objective_value": 3.659999999999999,
    "variables": {
      "x[('milk', 'H3')]": 11.0,
      "x[('milk', 'H2')]": 7.0,
      "x[('milk', 'H1')]": 3.0,
      "x[('rice', 'H3')]": 13.0,
      "x[('rice', 'H2')]": 6.0,
      "x[('rice', 'H1')]": 1.0,
      "x[('beans', 'H3')]": 8.0,
      "x[('beans', 'H2')]": 3.0,
      "x[('beans', 'H1')]": 1.0,
      "x[('apples', 'H3')]": 3.000000000000009,
      "x[('apples', 'H2')]": 4.0,
      "x[('apples', 'H1')]": 1.0,
      "u[('prot', 'H3')]": 0.366,
      "u[('prot', 'H2')]": 0.3659999999999999,
      "u[('prot', 'H1')]": 0.3659999999999999,
      "u[('calc', 'H3')]": 0.36624999999999996,
      "u[('calc', 'H2')]": 0.3660000000000002,
      "u[('calc', 'H1')]": 0.38,
      "u[('cal', 'H3')]": 0.44941666666666547,
      "u[('cal', 'H2')]": 0.6343333333333336,
      "u[('cal', 'H1')]": 0.3659999999999999,
      "y[milk]": 11.0,
      "y[rice]": 0.0,
      "y[beans]": -0.0,
      "y[apples]": 0.0,
      "y_active[milk]": 1.0,
      "y_active[rice]": 0.0,
      "y_active[beans]": -0.0,
      "y_active[apples]": 0.0,
      "dpos[('milk', 'H3')]": 0.0,
      "dpos[('milk', 'H2')]": -0.0,
      "dpos[('milk', 'H1')]": 0.6666666666666667,
      "dpos[('rice', 'H3')]": 1.8888888888888893,
      "dpos[('rice', 'H2')]": -0.0,
      "dpos[('rice', 'H1')]": 0.0,
      "dpos[('beans', 'H3')]": 1.333333333333333,
      "dpos[('beans', 'H2')]": 0.0,
      "dpos[('beans', 'H1')]": 0.0,
      "dpos[('apples', 'H3')]": 0.0,
      "dpos[('apples', 'H2')]": 1.3333333333332897,
      "dpos[('apples', 'H1')]": 0.11111111111111116,
      "dneg[('milk', 'H3')]": 0.666666666666667,
      "dneg[('milk', 'H2')]": 0.0,
      "dneg[('milk', 'H1')]": -0.0,
      "dneg[('rice', 'H3')]": 0.0,
      "dneg[('rice', 'H2')]": 0.6666666666666661,
      "dneg[('rice', 'H1')]": 1.2222222222222223,
      "dneg[('beans', 'H3')]": 0.0,
      "dneg[('beans', 'H2')]": 0.9999999999999982,
      "dneg[('beans', 'H1')]": 0.33333333333333326,
      "dneg[('apples', 'H3')]": 1.4444444444444355,
      "dneg[('apples', 'H2')]": 0.0,
      "dneg[('apples', 'H1')]": 0.0,
      "epsilon[None]": 0.0
    }
  }
}