{
  "run": {
    "id": "ds-a_dials-fairness-adequacy_20251021T180311Z",
    "started_at": "2025-10-21T18:03:11Z"
  },
  "solver": {
    "name": "appsi_highs",
    "status": "ok",
    "termination": "TerminationCondition.optimal",
    "elapsed_sec": 0.1221,
    "objective_value": 1.5400000000000003,
    "gap": 0.0,
    "best_feasible_objective": 1.5400000000000003,
    "best_objective_bound": 1.5400000000000003,
    "is_feasible": true
  },
  "raw": {
    "solver": "appsi_highs",
    "elapsed_sec": 0.1221,
    "termination": "TerminationCondition.optimal",
    "status": "ok",
    "is_feasible": true,
    "error_message": null,
    "best_feasible_objective": 1.5400000000000003,
    "best_objective_bound": 1.5400000000000003,
    "gap": 0.0,
    "objective_value": 1.5400000000000003,
    "variables": {
      "x[('milk', 'H2')]": 3.0,
      "x[('milk', 'H3')]": 4.999999999999999,
      "x[('milk', 'H1')]": 1.0,
      "x[('rice', 'H2')]": 6.0,
      "x[('rice', 'H3')]": 12.0,
      "x[('rice', 'H1')]": 2.0000000000000004,
      "x[('beans', 'H2')]": 6.0,
      "x[('beans', 'H3')]": 10.0,
      "x[('beans', 'H1')]": 2.0,
      "x[('apples', 'H2')]": 3.0,
      "x[('apples', 'H3')]": 5.0,
      "x[('apples', 'H1')]": 1.0,
      "u[('cal', 'H2')]": 0.15400000000000003,
      "u[('cal', 'H3')]": 0.15400000000000003,
      "u[('cal', 'H1')]": 0.15400000000000014,
      "u[('calc', 'H2')]": 0.15400000000000014,
      "u[('calc', 'H3')]": 0.194,
      "u[('calc', 'H1')]": 0.15400000000000003,
      "u[('prot', 'H2')]": 0.26799999999999996,
      "u[('prot', 'H3')]": 0.15400000000000003,
      "u[('prot', 'H1')]": 0.154,
      "y[milk]": -0.0,
      "y[rice]": -0.0,
      "y[beans]": 6.000000000000001,
      "y[apples]": 1.0000000000000009,
      "y_active[milk]": -0.0,
      "y_active[rice]": -0.0,
      "y_active[beans]": 1.0,
      "y_active[apples]": 1.0,
      "dpos[('milk', 'H2')]": 0.0,
      "dpos[('milk', 'H3')]": 0.0,
      "dpos[('milk', 'H1')]": -0.0,
      "dpos[('rice', 'H2')]": 0.0,
      "dpos[('rice', 'H3')]": 0.8888888888888883,
      "dpos[('rice', 'H1')]": 0.0,
      "dpos[('beans', 'H2')]": 0.0,
      "dpos[('beans', 'H3')]": 0.0,
      "dpos[('beans', 'H1')]": 0.0,
      "dpos[('apples', 'H2')]": -0.0,
      "dpos[('apples', 'H3')]": 0.0,
      "dpos[('apples', 'H1')]": -0.0,
      "dneg[('milk', 'H2')]": 0.33333333333333304,
      "dneg[('milk', 'H3')]": 0.5555555555555562,
      "dneg[('milk', 'H1')]": 0.11111111111111116,
      "dneg[('rice', 'H2')]": 0.6666666666666669,
      "dneg[('rice', 'H3')]": 0.0,
      "dneg[('rice', 'H1')]": 0.2222222222222224,
      "dneg[('beans', 'H2')]": -0.0,
      "dneg[('beans', 'H3')]": -0.0,
      "dneg[('beans', 'H1')]": -0.0,
      "dneg[('apples', 'H2')]": -0.0,
      "dneg[('apples', 'H3')]": -0.0,
      "dneg[('apples', 'H1')]": 0.0,
      "epsilon[None]": 0.0
    }
  }
}